<?xml version="1.0" encoding="UTF-8"?>
<project-private xmlns="http://www.netbeans.org/ns/project-private/1">
    <editor-bookmarks xmlns="http://www.netbeans.org/ns/editor-bookmarks/2" lastBookmarkId="0"/>
    <open-files xmlns="http://www.netbeans.org/ns/projectui-open-files/2">
        <group>
            <file>file:/C:/Users/EFRAIN/Desktop/PORTAFOLIO%20POO_BAUTISTA/PRACTICANDO/P2Taller1BautistaDayanara/Compra.csv</file>
            <file>file:/C:/Users/EFRAIN/Desktop/PORTAFOLIO%20POO_BAUTISTA/PRACTICANDO/P2Taller1BautistaDayanara/src/Formularios/Menu.java</file>
            <file>file:/C:/Users/EFRAIN/Desktop/PORTAFOLIO%20POO_BAUTISTA/PRACTICANDO/P2Taller1BautistaDayanara/src/Formularios/InventarioProductos.java</file>
            <file>file:/C:/Users/EFRAIN/Desktop/PORTAFOLIO%20POO_BAUTISTA/PRACTICANDO/P2Taller1BautistaDayanara/src/Formularios/CompraProducto.java</file>
            <file>file:/C:/Users/EFRAIN/Desktop/PORTAFOLIO%20POO_BAUTISTA/PRACTICANDO/P2Taller1BautistaDayanara/src/Formularios/RegistroProducto.java</file>
        </group>
    </open-files>
</project-private>
