[
  {
    "nombreProducto": "Manzanas",
    "Codigo": 12345,
    "Precio": 2.5,
    "stock": 30,
    "fechaCaducidad": "15/01/2025"
  },
   {
    "nombreProducto": "Peras",
    "Codigo": 12344,
    "Precio": 0.7,
    "stock": 20,
    "fechaCaducidad": "05/01/2024"
  },
   {
    "nombreProducto": "Uvas",
    "Codigo": 12045,
    "Precio": 0.5,
    "stock": 50,
    "fechaCaducidad": "05/01/2024"
  },
   {
    "nombreProducto": "Piñas",
    "Codigo": 12145,
    "Precio": 0.7,
    "stock": 20,
    "fechaCaducidad": "05/01/2024"
  }
  
]