[
  {
    "nombreProducto": "Mostaza",
    "Codigo": 12451,
    "Precio": 1.5,
    "stock": 30,
    "fechaCaducidad": "22/05/2025"
  },
  {
    "nombreProducto": "Leche",
    "Codigo": 55555,
    "Precio": 1.25,
    "stock": 35,
    "fechaCaducidad": "16/04/2025"
  },
  {
    "nombreProducto": "Chocolate",
    "Codigo": 11111,
    "Precio": 0.25,
    "stock": 50,
    "fechaCaducidad": "16/04/2025"
  },
  {
    "nombreProducto": "ChupetePlop",
    "Codigo": 22222,
    "Precio": 0.15,
    "stock": 50,
    "fechaCaducidad": "23/07/2025"
  },
  {
    "nombreProducto": "Azucar",
    "Codigo": 22221,
    "Precio": 0.8,
    "stock": 50,
    "fechaCaducidad": "23/07/2025"
  },
  {
    "nombreProducto": "Cafe",
    "Codigo": 21221,
    "Precio": 0.5,
    "stock": 50,
    "fechaCaducidad": "23/07/2025"
  }
]